﻿<?xml version="1.0"?>
<doc>
<assembly>
<name>
B_Array
</name>
</assembly>
<members>
<member name="T:B_Array.My.Resources.Resources">
<summary>
  一个强类型的资源类，用于查找本地化的字符串等。
</summary>
</member>
<member name="P:B_Array.My.Resources.Resources.ResourceManager">
<summary>
  返回此类使用的缓存的 ResourceManager 实例。
</summary>
</member>
<member name="P:B_Array.My.Resources.Resources.Culture">
<summary>
  使用此强类型资源类，为所有资源查找
  重写当前线程的 CurrentUICulture 属性。
</summary>
</member>
<member name="M:B_Array.Funny.S_Array.Array_ToString(System.Collections.ArrayList@,System.String)">
 <summary>
 数组转为字符串
 </summary>
 <param name="pArray"></param>
 <param name="strSeg"></param>
</member>
<member name="M:B_Array.Funny.S_Array.Array_ToString(System.Collections.ArrayList@)">
 <summary>
 数组转为字符串
 </summary>
 <param name="pArray"></param>
 <returns></returns>
 <remarks></remarks>
</member>
</members>
</doc>
