﻿<?xml version="1.0"?>
<doc>
<assembly>
<name>
B_String
</name>
</assembly>
<members>
<member name="T:B_String.My.Resources.Resources">
<summary>
  一个强类型的资源类，用于查找本地化的字符串等。
</summary>
</member>
<member name="P:B_String.My.Resources.Resources.ResourceManager">
<summary>
  返回此类使用的缓存的 ResourceManager 实例。
</summary>
</member>
<member name="P:B_String.My.Resources.Resources.Culture">
<summary>
  使用此强类型资源类，为所有资源查找
  重写当前线程的 CurrentUICulture 属性。
</summary>
</member>
<member name="M:B_String.Funny.S_China.PinYin(System.String)">
 <summary>
 汉字的拼音
 </summary>
 <param name="Hz"></param>
 <returns></returns>
 <remarks></remarks>
</member>
<member name="M:B_String.Funny.S_Strings.Get_Site_FromURL(System.String)">
 <summary>
 通过URL获取网站地址
 </summary>
</member>
<member name="M:B_String.Funny.S_Strings.ContainEnglish(System.String)">
 <summary>
 是否包含英语
 </summary>
</member>
<member name="M:B_String.Funny.S_Strings.ContainNumber(System.String)">
 <summary>
 是否包含数字
 </summary>
</member>
<member name="M:B_String.Funny.S_Strings.Blank_Chinese(System.String)">
 <summary>
 在汉字前面后面加空格,以及在数字符号前后加空格
 </summary>
</member>
<member name="M:B_String.Funny.S_Strings.DeCrypt_Unicode(System.String,System.String)">
 <summary>
 加密成unicode的
 </summary>
 <param name="mStr"></param>
 <param name="MyKey"></param>
 <returns></returns>
 <remarks></remarks>
</member>
</members>
</doc>
