﻿<?xml version="1.0"?>
<doc>
<assembly>
<name>
B_XML
</name>
</assembly>
<members>
<member name="T:B_XML.My.Resources.Resources">
<summary>
  一个强类型的资源类，用于查找本地化的字符串等。
</summary>
</member>
<member name="P:B_XML.My.Resources.Resources.ResourceManager">
<summary>
  返回此类使用的缓存的 ResourceManager 实例。
</summary>
</member>
<member name="P:B_XML.My.Resources.Resources.Culture">
<summary>
  使用此强类型资源类，为所有资源查找
  重写当前线程的 CurrentUICulture 属性。
</summary>
</member>
<member name="M:B_XML.Funny.C_XML_Setting.GetOrCreateNode(System.String)">
 <summary>
 查找或创建XML节点，支持XPath，如 strXPath="Name/Table/Field/A"
 </summary>
</member>
</members>
</doc>
